"Year","State","mk1","mk2","measure","other","type","chem_name","chem_index","Value"
2023,"CALIFORNIA","APPLICATIONS",NA,"LB / ACRE / APPLICATION","AVG","FUNGICIDE","OXATHIAPIPROLIN","128111",0
2023,"CALIFORNIA","APPLICATIONS",NA,"LB / ACRE / APPLICATION","AVG","INSECTICIDE","CYCLANILIPROLE","26202",0
2023,"CALIFORNIA","APPLICATIONS",NA,"LB / ACRE / APPLICATION","AVG","INSECTICIDE","PERMETHRIN","109701",0
2023,"CALIFORNIA","BEARING","APPLICATIONS","LB / ACRE / APPLICATION","AVG","FUNGICIDE","AZOXYSTROBIN","128810",0.234
2023,"CALIFORNIA","BEARING","APPLICATIONS","LB / ACRE / APPLICATION","AVG","FUNGICIDE","BLAD","30006",0
2023,"CALIFORNIA","BEARING","APPLICATIONS","LB / ACRE / APPLICATION","AVG","FUNGICIDE","BORAX DECAHYDRATE","11102",0.042
2023,"CALIFORNIA","BEARING","APPLICATIONS","LB / ACRE / APPLICATION","AVG","FUNGICIDE","BOSCALID","128008",0.354
2023,"CALIFORNIA","BEARING","APPLICATIONS","LB / ACRE / APPLICATION","AVG","FUNGICIDE","CAPTAN","81301",1.693
2023,"CALIFORNIA","BEARING","APPLICATIONS","LB / ACRE / APPLICATION","AVG","FUNGICIDE","CYFLUFENAMID","555550",0
2023,"CALIFORNIA","BEARING","APPLICATIONS","LB / ACRE / APPLICATION","AVG","FUNGICIDE","CYPRODINIL","288202",0.316
2023,"CALIFORNIA","BEARING","APPLICATIONS","LB / ACRE / APPLICATION","AVG","FUNGICIDE","DIFENOCONAZOLE","128847",0
2023,"CALIFORNIA","BEARING","APPLICATIONS","LB / ACRE / APPLICATION","AVG","FUNGICIDE","FENHEXAMID","90209",0.659
2023,"CALIFORNIA","BEARING","APPLICATIONS","LB / ACRE / APPLICATION","AVG","FUNGICIDE","FLUDIOXONIL","71503",0.211
2023,"CALIFORNIA","BEARING","APPLICATIONS","LB / ACRE / APPLICATION","AVG","FUNGICIDE","FLUOPYRAM","80302",0.119
2023,"CALIFORNIA","BEARING","APPLICATIONS","LB / ACRE / APPLICATION","AVG","FUNGICIDE","FLUXAPYROXAD","138009",0.161
2023,"CALIFORNIA","BEARING","APPLICATIONS","LB / ACRE / APPLICATION","AVG","FUNGICIDE","FOSETYL-AL","123301",0
2023,"CALIFORNIA","BEARING","APPLICATIONS","LB / ACRE / APPLICATION","AVG","FUNGICIDE","ISOFETAMID","270000",0
2023,"CALIFORNIA","BEARING","APPLICATIONS","LB / ACRE / APPLICATION","AVG","FUNGICIDE","MEFENOXAM","113502",0.5
2023,"CALIFORNIA","BEARING","APPLICATIONS","LB / ACRE / APPLICATION","AVG","FUNGICIDE","MONO-POTASSIUM SALT","76416",0
2023,"CALIFORNIA","BEARING","APPLICATIONS","LB / ACRE / APPLICATION","AVG","FUNGICIDE","MYCLOBUTANIL","128857",0.105
2023,"CALIFORNIA","BEARING","APPLICATIONS","LB / ACRE / APPLICATION","AVG","FUNGICIDE","PENTHIOPYRAD","90112",0.271
2023,"CALIFORNIA","BEARING","APPLICATIONS","LB / ACRE / APPLICATION","AVG","FUNGICIDE","POLYOXIN D ZINC SALT","230000",0.061
2023,"CALIFORNIA","BEARING","APPLICATIONS","LB / ACRE / APPLICATION","AVG","FUNGICIDE","PROPICONAZOLE","122101",0.112
2023,"CALIFORNIA","BEARING","APPLICATIONS","LB / ACRE / APPLICATION","AVG","FUNGICIDE","PYDIFLUMETOFEN","90110",0
2023,"CALIFORNIA","BEARING","APPLICATIONS","LB / ACRE / APPLICATION","AVG","FUNGICIDE","PYRACLOSTROBIN","99100",0.167
2023,"CALIFORNIA","BEARING","APPLICATIONS","LB / ACRE / APPLICATION","AVG","FUNGICIDE","PYRIMETHANIL","288201",0.658
2023,"CALIFORNIA","BEARING","APPLICATIONS","LB / ACRE / APPLICATION","AVG","FUNGICIDE","QUINOLINE","55459",0.095
2023,"CALIFORNIA","BEARING","APPLICATIONS","LB / ACRE / APPLICATION","AVG","FUNGICIDE","SULFUR","77501",5.471
2023,"CALIFORNIA","BEARING","APPLICATIONS","LB / ACRE / APPLICATION","AVG","FUNGICIDE","TETRACONAZOLE","120603",0.036
2023,"CALIFORNIA","BEARING","APPLICATIONS","LB / ACRE / APPLICATION","AVG","FUNGICIDE","THIOPHANATE-METHYL","102001",0.695
2023,"CALIFORNIA","BEARING","APPLICATIONS","LB / ACRE / APPLICATION","AVG","FUNGICIDE","THIRAM","79801",2.201
2023,"CALIFORNIA","BEARING","APPLICATIONS","LB / ACRE / APPLICATION","AVG","FUNGICIDE","TRIFLOXYSTROBIN","129112",0.119
2023,"CALIFORNIA","BEARING","APPLICATIONS","LB / ACRE / APPLICATION","AVG","FUNGICIDE","TRIFLUMIZOLE","128879",0
2023,"CALIFORNIA","BEARING","APPLICATIONS","LB / ACRE / APPLICATION","AVG","HERBICIDE","CARFENTRAZONE-ETHYL","128712",0
2023,"CALIFORNIA","BEARING","APPLICATIONS","LB / ACRE / APPLICATION","AVG","HERBICIDE","FLUMIOXAZIN","129034",0.078
2023,"CALIFORNIA","BEARING","APPLICATIONS","LB / ACRE / APPLICATION","AVG","HERBICIDE","OXYFLUORFEN","111601",0
2023,"CALIFORNIA","BEARING","APPLICATIONS","LB / ACRE / APPLICATION","AVG","HERBICIDE","PENDIMETHALIN","108501",0.923
2023,"CALIFORNIA","BEARING","APPLICATIONS","LB / ACRE / APPLICATION","AVG","INSECTICIDE","ABAMECTIN","122804",0.019
2023,"CALIFORNIA","BEARING","APPLICATIONS","LB / ACRE / APPLICATION","AVG","INSECTICIDE","ACEQUINOCYL","6329",0.299
2023,"CALIFORNIA","BEARING","APPLICATIONS","LB / ACRE / APPLICATION","AVG","INSECTICIDE","ACETAMIPRID","99050",0.129
2023,"CALIFORNIA","BEARING","APPLICATIONS","LB / ACRE / APPLICATION","AVG","INSECTICIDE","AZADIRACHTIN","121701",0.03
2023,"CALIFORNIA","BEARING","APPLICATIONS","LB / ACRE / APPLICATION","AVG","INSECTICIDE","BIFENAZATE","586",0.5
2023,"CALIFORNIA","BEARING","APPLICATIONS","LB / ACRE / APPLICATION","AVG","INSECTICIDE","BIFENTHRIN","128825",0.116
2023,"CALIFORNIA","BEARING","APPLICATIONS","LB / ACRE / APPLICATION","AVG","INSECTICIDE","CANOLA OIL","11332",0
2023,"CALIFORNIA","BEARING","APPLICATIONS","LB / ACRE / APPLICATION","AVG","INSECTICIDE","CHLORANTRANILIPROLE","90100",0.063
2023,"CALIFORNIA","BEARING","APPLICATIONS","LB / ACRE / APPLICATION","AVG","INSECTICIDE","CYANTRANILIPROLE","90098",0.117
2023,"CALIFORNIA","BEARING","APPLICATIONS","LB / ACRE / APPLICATION","AVG","INSECTICIDE","CYFLUMETOFEN","138831",0.178
2023,"CALIFORNIA","BEARING","APPLICATIONS","LB / ACRE / APPLICATION","AVG","INSECTICIDE","ETOXAZOLE","107091",0
2023,"CALIFORNIA","BEARING","APPLICATIONS","LB / ACRE / APPLICATION","AVG","INSECTICIDE","FENBUTATIN-OXIDE","104601",0
2023,"CALIFORNIA","BEARING","APPLICATIONS","LB / ACRE / APPLICATION","AVG","INSECTICIDE","FENPROPATHRIN","127901",0.26
2023,"CALIFORNIA","BEARING","APPLICATIONS","LB / ACRE / APPLICATION","AVG","INSECTICIDE","FENPYROXIMATE","129131",0
2023,"CALIFORNIA","BEARING","APPLICATIONS","LB / ACRE / APPLICATION","AVG","INSECTICIDE","FLONICAMID","128016",0.087
2023,"CALIFORNIA","BEARING","APPLICATIONS","LB / ACRE / APPLICATION","AVG","INSECTICIDE","FLUPYRADIFURONE","122304",0.182
2023,"CALIFORNIA","BEARING","APPLICATIONS","LB / ACRE / APPLICATION","AVG","INSECTICIDE","HEXYTHIAZOX","128849",0.186
2023,"CALIFORNIA","BEARING","APPLICATIONS","LB / ACRE / APPLICATION","AVG","INSECTICIDE","IMIDACLOPRID","129099",0.457
2023,"CALIFORNIA","BEARING","APPLICATIONS","LB / ACRE / APPLICATION","AVG","INSECTICIDE","LAMBDA-CYHALOTHRIN","128897",0
2023,"CALIFORNIA","BEARING","APPLICATIONS","LB / ACRE / APPLICATION","AVG","INSECTICIDE","MALATHION","57701",1.807
2023,"CALIFORNIA","BEARING","APPLICATIONS","LB / ACRE / APPLICATION","AVG","INSECTICIDE","METHOXYFENOZIDE","121027",0.169
2023,"CALIFORNIA","BEARING","APPLICATIONS","LB / ACRE / APPLICATION","AVG","INSECTICIDE","NALED","34401",0
2023,"CALIFORNIA","BEARING","APPLICATIONS","LB / ACRE / APPLICATION","AVG","INSECTICIDE","NEEM OIL","25006",0
2023,"CALIFORNIA","BEARING","APPLICATIONS","LB / ACRE / APPLICATION","AVG","INSECTICIDE","NEEM OIL, CLAR. HYD.","25007",0
2023,"CALIFORNIA","BEARING","APPLICATIONS","LB / ACRE / APPLICATION","AVG","INSECTICIDE","NOVALURON","124002",0.077
2023,"CALIFORNIA","BEARING","APPLICATIONS","LB / ACRE / APPLICATION","AVG","INSECTICIDE","PIPERONYL BUTOXIDE","67501",0
2023,"CALIFORNIA","BEARING","APPLICATIONS","LB / ACRE / APPLICATION","AVG","INSECTICIDE","PYRETHRINS","69001",0
2023,"CALIFORNIA","BEARING","APPLICATIONS","LB / ACRE / APPLICATION","AVG","INSECTICIDE","PYRIDABEN","129105",0
2023,"CALIFORNIA","BEARING","APPLICATIONS","LB / ACRE / APPLICATION","AVG","INSECTICIDE","SPINETORAM","110007",0.071
2023,"CALIFORNIA","BEARING","APPLICATIONS","LB / ACRE / APPLICATION","AVG","INSECTICIDE","SPINOSAD","110003",0.094
2023,"CALIFORNIA","BEARING","APPLICATIONS","LB / ACRE / APPLICATION","AVG","INSECTICIDE","THIAMETHOXAM","60109",0.062
2023,"CALIFORNIA","BEARING","APPLICATIONS","LB / ACRE / APPLICATION","AVG","OTHER","ACIBENZOLAR-S-METHYL","61402",0
2023,"CALIFORNIA","BEARING","APPLICATIONS","LB / ACRE / APPLICATION","AVG","OTHER","CHLOROPICRIN","81501",188.284
2023,"CALIFORNIA","BEARING","APPLICATIONS","LB / ACRE / APPLICATION","AVG","OTHER","DICHLOROPROPENE","29001",111.391
2023,"CALIFORNIA","BEARING","APPLICATIONS","LB / ACRE / APPLICATION","AVG","OTHER","FLUTRIAFOL","128940",0.114
2023,"CALIFORNIA","BEARING","APPLICATIONS","LB / ACRE / APPLICATION","AVG","OTHER","GARLIC OIL","128827",0
2023,"CALIFORNIA","BEARING","APPLICATIONS","LB / ACRE / APPLICATION","AVG","OTHER","HYDROGEN PEROXIDE","595",0
2023,"CALIFORNIA","BEARING","APPLICATIONS","LB / ACRE / APPLICATION","AVG","OTHER","IRON PHOSPHATE","34903",0
2023,"CALIFORNIA","BEARING","APPLICATIONS","LB / ACRE / APPLICATION","AVG","OTHER","METALDEHYDE","53001",0
2023,"CALIFORNIA","BEARING","APPLICATIONS","LB / ACRE / APPLICATION","AVG","OTHER","METAM-POTASSIUM","39002",0
2023,"CALIFORNIA","BEARING","APPLICATIONS","LB / ACRE / APPLICATION","AVG","OTHER","METAM-SODIUM","39003",0
2023,"CALIFORNIA","BEARING","APPLICATIONS","LB / ACRE / APPLICATION","AVG","OTHER","PEROXYACETIC ACID","63201",0
2023,"CALIFORNIA","BEARING","APPLICATIONS","LB / ACRE / APPLICATION","AVG","OTHER","REYNOUTRIA SACHALINE","55809",0
2023,"FLORIDA","APPLICATIONS",NA,"LB / ACRE / APPLICATION","AVG","FUNGICIDE","OXATHIAPIPROLIN","128111",0
2023,"FLORIDA","APPLICATIONS",NA,"LB / ACRE / APPLICATION","AVG","FUNGICIDE","PYRIOFENONE","28828",0
2023,"FLORIDA","APPLICATIONS",NA,"LB / ACRE / APPLICATION","AVG","FUNGICIDE","ZOXAMIDE","101702",0
2023,"FLORIDA","APPLICATIONS",NA,"LB / ACRE / APPLICATION","AVG","HERBICIDE","METSULFURON-METHYL","122010",0
2023,"FLORIDA","APPLICATIONS",NA,"LB / ACRE / APPLICATION","AVG","HERBICIDE","PENOXSULAM","119031",0
2023,"FLORIDA","APPLICATIONS",NA,"LB / ACRE / APPLICATION","AVG","HERBICIDE","S-METOLACHLOR","108800",0
2023,"FLORIDA","APPLICATIONS",NA,"LB / ACRE / APPLICATION","AVG","INSECTICIDE","BETA-CYFLUTHRIN","118831",0
2023,"FLORIDA","APPLICATIONS",NA,"LB / ACRE / APPLICATION","AVG","INSECTICIDE","ETHYL (2E;4Z)-DECADIENOATE","144022",0
2023,"FLORIDA","APPLICATIONS",NA,"LB / ACRE / APPLICATION","AVG","INSECTICIDE","OXAMYL","103801",0
2023,"FLORIDA","APPLICATIONS",NA,"LB / ACRE / APPLICATION","AVG","OTHER","CUPRAMMONIUM ACETATE","36011",0
2023,"FLORIDA","APPLICATIONS",NA,"LB / ACRE / APPLICATION","AVG","OTHER","DODECADIEN-1-OL","129028",0
2023,"FLORIDA","APPLICATIONS",NA,"LB / ACRE / APPLICATION","AVG","OTHER","FLUENSULFONE","50410",0
2023,"FLORIDA","APPLICATIONS",NA,"LB / ACRE / APPLICATION","AVG","OTHER","GIBBERELLIC ACID","43801",0
2023,"FLORIDA","BEARING","APPLICATIONS","LB / ACRE / APPLICATION","AVG","FUNGICIDE","AZOXYSTROBIN","128810",0.151
2023,"FLORIDA","BEARING","APPLICATIONS","LB / ACRE / APPLICATION","AVG","FUNGICIDE","BOSCALID","128008",0
2023,"FLORIDA","BEARING","APPLICATIONS","LB / ACRE / APPLICATION","AVG","FUNGICIDE","CAPTAN","81301",2.012
2023,"FLORIDA","BEARING","APPLICATIONS","LB / ACRE / APPLICATION","AVG","FUNGICIDE","CHLOROTHALONIL","81901",0
2023,"FLORIDA","BEARING","APPLICATIONS","LB / ACRE / APPLICATION","AVG","FUNGICIDE","COPPER CHLORIDE HYD.","23501",0
2023,"FLORIDA","BEARING","APPLICATIONS","LB / ACRE / APPLICATION","AVG","FUNGICIDE","COPPER HYDROXIDE","23401",0
2023,"FLORIDA","BEARING","APPLICATIONS","LB / ACRE / APPLICATION","AVG","FUNGICIDE","CYFLUFENAMID","555550",0
2023,"FLORIDA","BEARING","APPLICATIONS","LB / ACRE / APPLICATION","AVG","FUNGICIDE","CYMOXANIL","129106",0
2023,"FLORIDA","BEARING","APPLICATIONS","LB / ACRE / APPLICATION","AVG","FUNGICIDE","CYPRODINIL","288202",0.244
2023,"FLORIDA","BEARING","APPLICATIONS","LB / ACRE / APPLICATION","AVG","FUNGICIDE","DIFENOCONAZOLE","128847",0
2023,"FLORIDA","BEARING","APPLICATIONS","LB / ACRE / APPLICATION","AVG","FUNGICIDE","FAMOXADONE","113202",0
2023,"FLORIDA","BEARING","APPLICATIONS","LB / ACRE / APPLICATION","AVG","FUNGICIDE","FENHEXAMID","90209",0
2023,"FLORIDA","BEARING","APPLICATIONS","LB / ACRE / APPLICATION","AVG","FUNGICIDE","FLUDIOXONIL","71503",0.152
2023,"FLORIDA","BEARING","APPLICATIONS","LB / ACRE / APPLICATION","AVG","FUNGICIDE","FLUOPYRAM","80302",0
2023,"FLORIDA","BEARING","APPLICATIONS","LB / ACRE / APPLICATION","AVG","FUNGICIDE","FLUXAPYROXAD","138009",0
2023,"FLORIDA","BEARING","APPLICATIONS","LB / ACRE / APPLICATION","AVG","FUNGICIDE","FOSETYL-AL","123301",0
2023,"FLORIDA","BEARING","APPLICATIONS","LB / ACRE / APPLICATION","AVG","FUNGICIDE","IPRODIONE","109801",0
2023,"FLORIDA","BEARING","APPLICATIONS","LB / ACRE / APPLICATION","AVG","FUNGICIDE","ISOFETAMID","270000",0
2023,"FLORIDA","BEARING","APPLICATIONS","LB / ACRE / APPLICATION","AVG","FUNGICIDE","MANCOZEB","14504",0
2023,"FLORIDA","BEARING","APPLICATIONS","LB / ACRE / APPLICATION","AVG","FUNGICIDE","MEFENOXAM","113502",0
2023,"FLORIDA","BEARING","APPLICATIONS","LB / ACRE / APPLICATION","AVG","FUNGICIDE","MONO-POTASSIUM SALT","76416",0
2023,"FLORIDA","BEARING","APPLICATIONS","LB / ACRE / APPLICATION","AVG","FUNGICIDE","PENTHIOPYRAD","90112",0
2023,"FLORIDA","BEARING","APPLICATIONS","LB / ACRE / APPLICATION","AVG","FUNGICIDE","PROPICONAZOLE","122101",0
2023,"FLORIDA","BEARING","APPLICATIONS","LB / ACRE / APPLICATION","AVG","FUNGICIDE","PYDIFLUMETOFEN","90110",0
2023,"FLORIDA","BEARING","APPLICATIONS","LB / ACRE / APPLICATION","AVG","FUNGICIDE","PYRACLOSTROBIN","99100",0
2023,"FLORIDA","BEARING","APPLICATIONS","LB / ACRE / APPLICATION","AVG","FUNGICIDE","PYRIMETHANIL","288201",0
2023,"FLORIDA","BEARING","APPLICATIONS","LB / ACRE / APPLICATION","AVG","FUNGICIDE","SULFUR","77501",0
2023,"FLORIDA","BEARING","APPLICATIONS","LB / ACRE / APPLICATION","AVG","FUNGICIDE","TETRACONAZOLE","120603",0
2023,"FLORIDA","BEARING","APPLICATIONS","LB / ACRE / APPLICATION","AVG","FUNGICIDE","THIOPHANATE-METHYL","102001",0
2023,"FLORIDA","BEARING","APPLICATIONS","LB / ACRE / APPLICATION","AVG","FUNGICIDE","THIRAM","79801",2.156
2023,"FLORIDA","BEARING","APPLICATIONS","LB / ACRE / APPLICATION","AVG","FUNGICIDE","TRIFLUMIZOLE","128879",0
2023,"FLORIDA","BEARING","APPLICATIONS","LB / ACRE / APPLICATION","AVG","HERBICIDE","2,4-D, DIMETH. SALT","30019",0
2023,"FLORIDA","BEARING","APPLICATIONS","LB / ACRE / APPLICATION","AVG","HERBICIDE","CLETHODIM","121011",0
2023,"FLORIDA","BEARING","APPLICATIONS","LB / ACRE / APPLICATION","AVG","HERBICIDE","FLUMIOXAZIN","129034",0
2023,"FLORIDA","BEARING","APPLICATIONS","LB / ACRE / APPLICATION","AVG","HERBICIDE","GLYPHOSATE ISO. SALT","103601",0
2023,"FLORIDA","BEARING","APPLICATIONS","LB / ACRE / APPLICATION","AVG","HERBICIDE","PARAQUAT","61601",0
2023,"FLORIDA","BEARING","APPLICATIONS","LB / ACRE / APPLICATION","AVG","INSECTICIDE","ABAMECTIN","122804",0.031
2023,"FLORIDA","BEARING","APPLICATIONS","LB / ACRE / APPLICATION","AVG","INSECTICIDE","ACETAMIPRID","99050",0.144
2023,"FLORIDA","BEARING","APPLICATIONS","LB / ACRE / APPLICATION","AVG","INSECTICIDE","BIFENAZATE","586",0
2023,"FLORIDA","BEARING","APPLICATIONS","LB / ACRE / APPLICATION","AVG","INSECTICIDE","BIFENTHRIN","128825",0.117
2023,"FLORIDA","BEARING","APPLICATIONS","LB / ACRE / APPLICATION","AVG","INSECTICIDE","CHLORANTRANILIPROLE","90100",0.054
2023,"FLORIDA","BEARING","APPLICATIONS","LB / ACRE / APPLICATION","AVG","INSECTICIDE","CYANTRANILIPROLE","90098",0
2023,"FLORIDA","BEARING","APPLICATIONS","LB / ACRE / APPLICATION","AVG","INSECTICIDE","DIAZINON","57801",0
2023,"FLORIDA","BEARING","APPLICATIONS","LB / ACRE / APPLICATION","AVG","INSECTICIDE","FENPROPATHRIN","127901",0
2023,"FLORIDA","BEARING","APPLICATIONS","LB / ACRE / APPLICATION","AVG","INSECTICIDE","FLUPYRADIFURONE","122304",0
2023,"FLORIDA","BEARING","APPLICATIONS","LB / ACRE / APPLICATION","AVG","INSECTICIDE","HEXYTHIAZOX","128849",0
2023,"FLORIDA","BEARING","APPLICATIONS","LB / ACRE / APPLICATION","AVG","INSECTICIDE","IMIDACLOPRID","129099",0
2023,"FLORIDA","BEARING","APPLICATIONS","LB / ACRE / APPLICATION","AVG","INSECTICIDE","LAMBDA-CYHALOTHRIN","128897",0
2023,"FLORIDA","BEARING","APPLICATIONS","LB / ACRE / APPLICATION","AVG","INSECTICIDE","MALATHION","57701",0
2023,"FLORIDA","BEARING","APPLICATIONS","LB / ACRE / APPLICATION","AVG","INSECTICIDE","METHOMYL","90301",0
2023,"FLORIDA","BEARING","APPLICATIONS","LB / ACRE / APPLICATION","AVG","INSECTICIDE","NALED","34401",0
2023,"FLORIDA","BEARING","APPLICATIONS","LB / ACRE / APPLICATION","AVG","INSECTICIDE","NOVALURON","124002",0.077
2023,"FLORIDA","BEARING","APPLICATIONS","LB / ACRE / APPLICATION","AVG","INSECTICIDE","PIPERONYL BUTOXIDE","67501",0
2023,"FLORIDA","BEARING","APPLICATIONS","LB / ACRE / APPLICATION","AVG","INSECTICIDE","PYRETHRINS","69001",0
2023,"FLORIDA","BEARING","APPLICATIONS","LB / ACRE / APPLICATION","AVG","INSECTICIDE","SPINETORAM","110007",0
2023,"FLORIDA","BEARING","APPLICATIONS","LB / ACRE / APPLICATION","AVG","INSECTICIDE","SPINOSAD","110003",0
2023,"FLORIDA","BEARING","APPLICATIONS","LB / ACRE / APPLICATION","AVG","INSECTICIDE","SULFOXAFLOR","5210",0
2023,"FLORIDA","BEARING","APPLICATIONS","LB / ACRE / APPLICATION","AVG","INSECTICIDE","THIAMETHOXAM","60109",0.058
2023,"FLORIDA","BEARING","APPLICATIONS","LB / ACRE / APPLICATION","AVG","OTHER","CYTOKININS","116801",0
2023,"FLORIDA","BEARING","APPLICATIONS","LB / ACRE / APPLICATION","AVG","OTHER","FLUTRIAFOL","128940",0
2023,"FLORIDA","BEARING","APPLICATIONS","LB / ACRE / APPLICATION","AVG","OTHER","INDOLEBUTYRIC ACID","46701",0
2023,"FLORIDA","BEARING","APPLICATIONS","LB / ACRE / APPLICATION","AVG","OTHER","METAM-POTASSIUM","39002",0
2021,"CALIFORNIA","BEARING","APPLICATIONS","LB / ACRE / APPLICATION","AVG","FUNGICIDE","AZOXYSTROBIN","128810",0.237
2021,"CALIFORNIA","BEARING","APPLICATIONS","LB / ACRE / APPLICATION","AVG","FUNGICIDE","BLAD","30006",0
2021,"CALIFORNIA","BEARING","APPLICATIONS","LB / ACRE / APPLICATION","AVG","FUNGICIDE","BORAX DECAHYDRATE","11102",0.017
2021,"CALIFORNIA","BEARING","APPLICATIONS","LB / ACRE / APPLICATION","AVG","FUNGICIDE","BOSCALID","128008",0.372
2021,"CALIFORNIA","BEARING","APPLICATIONS","LB / ACRE / APPLICATION","AVG","FUNGICIDE","CAPTAN","81301",1.662
2021,"CALIFORNIA","BEARING","APPLICATIONS","LB / ACRE / APPLICATION","AVG","FUNGICIDE","COPPER OCTANOATE","23306",0
2021,"CALIFORNIA","BEARING","APPLICATIONS","LB / ACRE / APPLICATION","AVG","FUNGICIDE","CYFLUFENAMID","555550",0.023
2021,"CALIFORNIA","BEARING","APPLICATIONS","LB / ACRE / APPLICATION","AVG","FUNGICIDE","CYPRODINIL","288202",0.333
2021,"CALIFORNIA","BEARING","APPLICATIONS","LB / ACRE / APPLICATION","AVG","FUNGICIDE","DIFENOCONAZOLE","128847",0
2021,"CALIFORNIA","BEARING","APPLICATIONS","LB / ACRE / APPLICATION","AVG","FUNGICIDE","FENHEXAMID","90209",0.627
2021,"CALIFORNIA","BEARING","APPLICATIONS","LB / ACRE / APPLICATION","AVG","FUNGICIDE","FLUDIOXONIL","71503",0.222
2021,"CALIFORNIA","BEARING","APPLICATIONS","LB / ACRE / APPLICATION","AVG","FUNGICIDE","FLUOPYRAM","80302",0.125
2021,"CALIFORNIA","BEARING","APPLICATIONS","LB / ACRE / APPLICATION","AVG","FUNGICIDE","FLUXAPYROXAD","138009",0.174
2021,"CALIFORNIA","BEARING","APPLICATIONS","LB / ACRE / APPLICATION","AVG","FUNGICIDE","FOSETYL-AL","123301",0
2021,"CALIFORNIA","BEARING","APPLICATIONS","LB / ACRE / APPLICATION","AVG","FUNGICIDE","ISOFETAMID","270000",0
2021,"CALIFORNIA","BEARING","APPLICATIONS","LB / ACRE / APPLICATION","AVG","FUNGICIDE","MEFENOXAM","113502",0.483
2021,"CALIFORNIA","BEARING","APPLICATIONS","LB / ACRE / APPLICATION","AVG","FUNGICIDE","MONO-POTASSIUM SALT","76416",0
2021,"CALIFORNIA","BEARING","APPLICATIONS","LB / ACRE / APPLICATION","AVG","FUNGICIDE","MYCLOBUTANIL","128857",0.105
2021,"CALIFORNIA","BEARING","APPLICATIONS","LB / ACRE / APPLICATION","AVG","FUNGICIDE","PENTHIOPYRAD","90112",0.279
2021,"CALIFORNIA","BEARING","APPLICATIONS","LB / ACRE / APPLICATION","AVG","FUNGICIDE","POLYOXIN D ZINC SALT","230000",0.098
2021,"CALIFORNIA","BEARING","APPLICATIONS","LB / ACRE / APPLICATION","AVG","FUNGICIDE","POTASSIUM BICARBON.","73508",2.152
2021,"CALIFORNIA","BEARING","APPLICATIONS","LB / ACRE / APPLICATION","AVG","FUNGICIDE","PROPICONAZOLE","122101",0.113
2021,"CALIFORNIA","BEARING","APPLICATIONS","LB / ACRE / APPLICATION","AVG","FUNGICIDE","PYRACLOSTROBIN","99100",0.179
2021,"CALIFORNIA","BEARING","APPLICATIONS","LB / ACRE / APPLICATION","AVG","FUNGICIDE","PYRIMETHANIL","288201",0.711
2021,"CALIFORNIA","BEARING","APPLICATIONS","LB / ACRE / APPLICATION","AVG","FUNGICIDE","QUINOLINE","55459",0.098
2021,"CALIFORNIA","BEARING","APPLICATIONS","LB / ACRE / APPLICATION","AVG","FUNGICIDE","SULFUR","77501",3.779
2021,"CALIFORNIA","BEARING","APPLICATIONS","LB / ACRE / APPLICATION","AVG","FUNGICIDE","TETRACONAZOLE","120603",0.038
2021,"CALIFORNIA","BEARING","APPLICATIONS","LB / ACRE / APPLICATION","AVG","FUNGICIDE","THIOPHANATE-METHYL","102001",0.707
2021,"CALIFORNIA","BEARING","APPLICATIONS","LB / ACRE / APPLICATION","AVG","FUNGICIDE","THIRAM","79801",2.144
2021,"CALIFORNIA","BEARING","APPLICATIONS","LB / ACRE / APPLICATION","AVG","FUNGICIDE","TRIFLOXYSTROBIN","129112",0.124
2021,"CALIFORNIA","BEARING","APPLICATIONS","LB / ACRE / APPLICATION","AVG","FUNGICIDE","TRIFLUMIZOLE","128879",0.251
2021,"CALIFORNIA","BEARING","APPLICATIONS","LB / ACRE / APPLICATION","AVG","HERBICIDE","CARFENTRAZONE-ETHYL","128712",0
2021,"CALIFORNIA","BEARING","APPLICATIONS","LB / ACRE / APPLICATION","AVG","HERBICIDE","FLUMIOXAZIN","129034",0.084
2021,"CALIFORNIA","BEARING","APPLICATIONS","LB / ACRE / APPLICATION","AVG","HERBICIDE","GLYPHOSATE ISO. SALT","103601",0
2021,"CALIFORNIA","BEARING","APPLICATIONS","LB / ACRE / APPLICATION","AVG","HERBICIDE","GLYPHOSATE POT. SALT","103613",0
2021,"CALIFORNIA","BEARING","APPLICATIONS","LB / ACRE / APPLICATION","AVG","HERBICIDE","NAPROPAMIDE","103001",0
2021,"CALIFORNIA","BEARING","APPLICATIONS","LB / ACRE / APPLICATION","AVG","HERBICIDE","OXYFLUORFEN","111601",0.301
2021,"CALIFORNIA","BEARING","APPLICATIONS","LB / ACRE / APPLICATION","AVG","HERBICIDE","PARAQUAT","61601",0
2021,"CALIFORNIA","BEARING","APPLICATIONS","LB / ACRE / APPLICATION","AVG","HERBICIDE","PENDIMETHALIN","108501",1.327
2021,"CALIFORNIA","BEARING","APPLICATIONS","LB / ACRE / APPLICATION","AVG","INSECTICIDE","ABAMECTIN","122804",0.018
2021,"CALIFORNIA","BEARING","APPLICATIONS","LB / ACRE / APPLICATION","AVG","INSECTICIDE","ACEQUINOCYL","6329",0.305
2021,"CALIFORNIA","BEARING","APPLICATIONS","LB / ACRE / APPLICATION","AVG","INSECTICIDE","ACETAMIPRID","99050",0.138
2021,"CALIFORNIA","BEARING","APPLICATIONS","LB / ACRE / APPLICATION","AVG","INSECTICIDE","AZADIRACHTIN","121701",0.029
2021,"CALIFORNIA","BEARING","APPLICATIONS","LB / ACRE / APPLICATION","AVG","INSECTICIDE","BIFENAZATE","586",0.505
2021,"CALIFORNIA","BEARING","APPLICATIONS","LB / ACRE / APPLICATION","AVG","INSECTICIDE","BIFENTHRIN","128825",0.123
2021,"CALIFORNIA","BEARING","APPLICATIONS","LB / ACRE / APPLICATION","AVG","INSECTICIDE","BUPROFEZIN","275100",0
2021,"CALIFORNIA","BEARING","APPLICATIONS","LB / ACRE / APPLICATION","AVG","INSECTICIDE","CANOLA OIL","11332",0
2021,"CALIFORNIA","BEARING","APPLICATIONS","LB / ACRE / APPLICATION","AVG","INSECTICIDE","CHLORANTRANILIPROLE","90100",0.066
2021,"CALIFORNIA","BEARING","APPLICATIONS","LB / ACRE / APPLICATION","AVG","INSECTICIDE","CYANTRANILIPROLE","90098",0.109
2021,"CALIFORNIA","BEARING","APPLICATIONS","LB / ACRE / APPLICATION","AVG","INSECTICIDE","CYFLUMETOFEN","138831",0.178
2021,"CALIFORNIA","BEARING","APPLICATIONS","LB / ACRE / APPLICATION","AVG","INSECTICIDE","DIAZINON","57801",0
2021,"CALIFORNIA","BEARING","APPLICATIONS","LB / ACRE / APPLICATION","AVG","INSECTICIDE","ETOXAZOLE","107091",0
2021,"CALIFORNIA","BEARING","APPLICATIONS","LB / ACRE / APPLICATION","AVG","INSECTICIDE","FENBUTATIN-OXIDE","104601",0
2021,"CALIFORNIA","BEARING","APPLICATIONS","LB / ACRE / APPLICATION","AVG","INSECTICIDE","FENPROPATHRIN","127901",0.233
2021,"CALIFORNIA","BEARING","APPLICATIONS","LB / ACRE / APPLICATION","AVG","INSECTICIDE","FENPYROXIMATE","129131",0.106
2021,"CALIFORNIA","BEARING","APPLICATIONS","LB / ACRE / APPLICATION","AVG","INSECTICIDE","FLONICAMID","128016",0.088
2021,"CALIFORNIA","BEARING","APPLICATIONS","LB / ACRE / APPLICATION","AVG","INSECTICIDE","FLUPYRADIFURONE","122304",0.18
2021,"CALIFORNIA","BEARING","APPLICATIONS","LB / ACRE / APPLICATION","AVG","INSECTICIDE","HEXYTHIAZOX","128849",0.218
2021,"CALIFORNIA","BEARING","APPLICATIONS","LB / ACRE / APPLICATION","AVG","INSECTICIDE","IMIDACLOPRID","129099",0.513
2021,"CALIFORNIA","BEARING","APPLICATIONS","LB / ACRE / APPLICATION","AVG","INSECTICIDE","MALATHION","57701",2.027
2021,"CALIFORNIA","BEARING","APPLICATIONS","LB / ACRE / APPLICATION","AVG","INSECTICIDE","METHOXYFENOZIDE","121027",0.169
2021,"CALIFORNIA","BEARING","APPLICATIONS","LB / ACRE / APPLICATION","AVG","INSECTICIDE","NALED","34401",0.907
2021,"CALIFORNIA","BEARING","APPLICATIONS","LB / ACRE / APPLICATION","AVG","INSECTICIDE","NEEM OIL","25006",0.779
2021,"CALIFORNIA","BEARING","APPLICATIONS","LB / ACRE / APPLICATION","AVG","INSECTICIDE","NEEM OIL, CLAR. HYD.","25007",2.222
2021,"CALIFORNIA","BEARING","APPLICATIONS","LB / ACRE / APPLICATION","AVG","INSECTICIDE","NOVALURON","124002",0.077
2021,"CALIFORNIA","BEARING","APPLICATIONS","LB / ACRE / APPLICATION","AVG","INSECTICIDE","PETROLEUM DISTILLATE","63503",0
2021,"CALIFORNIA","BEARING","APPLICATIONS","LB / ACRE / APPLICATION","AVG","INSECTICIDE","PIPERONYL BUTOXIDE","67501",0
2021,"CALIFORNIA","BEARING","APPLICATIONS","LB / ACRE / APPLICATION","AVG","INSECTICIDE","POTASSIUM SALTS","79021",0
2021,"CALIFORNIA","BEARING","APPLICATIONS","LB / ACRE / APPLICATION","AVG","INSECTICIDE","PYRETHRINS","69001",0.041
2021,"CALIFORNIA","BEARING","APPLICATIONS","LB / ACRE / APPLICATION","AVG","INSECTICIDE","PYRIDABEN","129105",0
2021,"CALIFORNIA","BEARING","APPLICATIONS","LB / ACRE / APPLICATION","AVG","INSECTICIDE","PYRIPROXYFEN","129032",0
2021,"CALIFORNIA","BEARING","APPLICATIONS","LB / ACRE / APPLICATION","AVG","INSECTICIDE","SPINETORAM","110007",0.076
2021,"CALIFORNIA","BEARING","APPLICATIONS","LB / ACRE / APPLICATION","AVG","INSECTICIDE","SPINOSAD","110003",0.095
2021,"CALIFORNIA","BEARING","APPLICATIONS","LB / ACRE / APPLICATION","AVG","INSECTICIDE","SPIROMESIFEN","24875",0.252
2021,"CALIFORNIA","BEARING","APPLICATIONS","LB / ACRE / APPLICATION","AVG","INSECTICIDE","THIAMETHOXAM","60109",0.065
2021,"CALIFORNIA","BEARING","APPLICATIONS","LB / ACRE / APPLICATION","AVG","OTHER","ACIBENZOLAR-S-METHYL","61402",0
2021,"CALIFORNIA","BEARING","APPLICATIONS","LB / ACRE / APPLICATION","AVG","OTHER","CAPRIC ACID","128955",0
2021,"CALIFORNIA","BEARING","APPLICATIONS","LB / ACRE / APPLICATION","AVG","OTHER","CAPRYLIC ACID","128919",0
2021,"CALIFORNIA","BEARING","APPLICATIONS","LB / ACRE / APPLICATION","AVG","OTHER","CHLOROPICRIN","81501",196.615
2021,"CALIFORNIA","BEARING","APPLICATIONS","LB / ACRE / APPLICATION","AVG","OTHER","DICHLOROPROPENE","29001",70.726
2021,"CALIFORNIA","BEARING","APPLICATIONS","LB / ACRE / APPLICATION","AVG","OTHER","FLUTRIAFOL","128940",0.113
2021,"CALIFORNIA","BEARING","APPLICATIONS","LB / ACRE / APPLICATION","AVG","OTHER","GARLIC OIL","128827",0
2021,"CALIFORNIA","BEARING","APPLICATIONS","LB / ACRE / APPLICATION","AVG","OTHER","HYDROGEN PEROXIDE","595",2.372
2021,"CALIFORNIA","BEARING","APPLICATIONS","LB / ACRE / APPLICATION","AVG","OTHER","IRON PHOSPHATE","34903",0
2021,"CALIFORNIA","BEARING","APPLICATIONS","LB / ACRE / APPLICATION","AVG","OTHER","METAM-POTASSIUM","39002",240.829
2021,"CALIFORNIA","BEARING","APPLICATIONS","LB / ACRE / APPLICATION","AVG","OTHER","MINERAL OIL","63502",0
2021,"CALIFORNIA","BEARING","APPLICATIONS","LB / ACRE / APPLICATION","AVG","OTHER","PAECILOMYCES FUMOSOR","115002",0
2021,"CALIFORNIA","BEARING","APPLICATIONS","LB / ACRE / APPLICATION","AVG","OTHER","PEROXYACETIC ACID","63201",0.491
2021,"CALIFORNIA","BEARING","APPLICATIONS","LB / ACRE / APPLICATION","AVG","OTHER","POTASSIUM SILICATE","72606",0
2021,"CALIFORNIA","BEARING","APPLICATIONS","LB / ACRE / APPLICATION","AVG","OTHER","REYNOUTRIA SACHALINE","55809",0.199
2021,"FLORIDA","BEARING","APPLICATIONS","LB / ACRE / APPLICATION","AVG","FUNGICIDE","AZOXYSTROBIN","128810",0
2021,"FLORIDA","BEARING","APPLICATIONS","LB / ACRE / APPLICATION","AVG","FUNGICIDE","BORAX DECAHYDRATE","11102",0
2021,"FLORIDA","BEARING","APPLICATIONS","LB / ACRE / APPLICATION","AVG","FUNGICIDE","BOSCALID","128008",0
2021,"FLORIDA","BEARING","APPLICATIONS","LB / ACRE / APPLICATION","AVG","FUNGICIDE","CAPTAN","81301",2.025
2021,"FLORIDA","BEARING","APPLICATIONS","LB / ACRE / APPLICATION","AVG","FUNGICIDE","CYFLUFENAMID","555550",0
2021,"FLORIDA","BEARING","APPLICATIONS","LB / ACRE / APPLICATION","AVG","FUNGICIDE","CYPRODINIL","288202",0.294
2021,"FLORIDA","BEARING","APPLICATIONS","LB / ACRE / APPLICATION","AVG","FUNGICIDE","DIFENOCONAZOLE","128847",0
2021,"FLORIDA","BEARING","APPLICATIONS","LB / ACRE / APPLICATION","AVG","FUNGICIDE","FENHEXAMID","90209",0
2021,"FLORIDA","BEARING","APPLICATIONS","LB / ACRE / APPLICATION","AVG","FUNGICIDE","FLUDIOXONIL","71503",0.189
2021,"FLORIDA","BEARING","APPLICATIONS","LB / ACRE / APPLICATION","AVG","FUNGICIDE","FLUOPYRAM","80302",0
2021,"FLORIDA","BEARING","APPLICATIONS","LB / ACRE / APPLICATION","AVG","FUNGICIDE","FOSETYL-AL","123301",0
2021,"FLORIDA","BEARING","APPLICATIONS","LB / ACRE / APPLICATION","AVG","FUNGICIDE","MEFENOXAM","113502",0
2021,"FLORIDA","BEARING","APPLICATIONS","LB / ACRE / APPLICATION","AVG","FUNGICIDE","MONO-POTASSIUM SALT","76416",0
2021,"FLORIDA","BEARING","APPLICATIONS","LB / ACRE / APPLICATION","AVG","FUNGICIDE","PROPICONAZOLE","122101",0
2021,"FLORIDA","BEARING","APPLICATIONS","LB / ACRE / APPLICATION","AVG","FUNGICIDE","PYDIFLUMETOFEN","90110",0
2021,"FLORIDA","BEARING","APPLICATIONS","LB / ACRE / APPLICATION","AVG","FUNGICIDE","PYRACLOSTROBIN","99100",0
2021,"FLORIDA","BEARING","APPLICATIONS","LB / ACRE / APPLICATION","AVG","FUNGICIDE","PYRIMETHANIL","288201",0
2021,"FLORIDA","BEARING","APPLICATIONS","LB / ACRE / APPLICATION","AVG","FUNGICIDE","TETRACONAZOLE","120603",0
2021,"FLORIDA","BEARING","APPLICATIONS","LB / ACRE / APPLICATION","AVG","FUNGICIDE","THIOPHANATE-METHYL","102001",0
2021,"FLORIDA","BEARING","APPLICATIONS","LB / ACRE / APPLICATION","AVG","FUNGICIDE","THIRAM","79801",2.38
2021,"FLORIDA","BEARING","APPLICATIONS","LB / ACRE / APPLICATION","AVG","FUNGICIDE","TRIFLUMIZOLE","128879",0
2021,"FLORIDA","BEARING","APPLICATIONS","LB / ACRE / APPLICATION","AVG","HERBICIDE","CARFENTRAZONE-ETHYL","128712",0
2021,"FLORIDA","BEARING","APPLICATIONS","LB / ACRE / APPLICATION","AVG","HERBICIDE","CLETHODIM","121011",0
2021,"FLORIDA","BEARING","APPLICATIONS","LB / ACRE / APPLICATION","AVG","HERBICIDE","COPPER ETHANOLAMINE","24409",0
2021,"FLORIDA","BEARING","APPLICATIONS","LB / ACRE / APPLICATION","AVG","HERBICIDE","DIMETHENAMID","129051",0
2021,"FLORIDA","BEARING","APPLICATIONS","LB / ACRE / APPLICATION","AVG","HERBICIDE","FLUMIOXAZIN","129034",0
2021,"FLORIDA","BEARING","APPLICATIONS","LB / ACRE / APPLICATION","AVG","HERBICIDE","FLUROXYPYR 1-MHE","128968",0
2021,"FLORIDA","BEARING","APPLICATIONS","LB / ACRE / APPLICATION","AVG","HERBICIDE","GLYPHOSATE ISO. SALT","103601",0
2021,"FLORIDA","BEARING","APPLICATIONS","LB / ACRE / APPLICATION","AVG","HERBICIDE","HALOSULFURON-METHYL","128721",0
2021,"FLORIDA","BEARING","APPLICATIONS","LB / ACRE / APPLICATION","AVG","HERBICIDE","KANTOR","129108",0
2021,"FLORIDA","BEARING","APPLICATIONS","LB / ACRE / APPLICATION","AVG","INSECTICIDE","ABAMECTIN","122804",0.017
2021,"FLORIDA","BEARING","APPLICATIONS","LB / ACRE / APPLICATION","AVG","INSECTICIDE","ACETAMIPRID","99050",0
2021,"FLORIDA","BEARING","APPLICATIONS","LB / ACRE / APPLICATION","AVG","INSECTICIDE","BIFENAZATE","586",0
2021,"FLORIDA","BEARING","APPLICATIONS","LB / ACRE / APPLICATION","AVG","INSECTICIDE","BIFENTHRIN","128825",0
2021,"FLORIDA","BEARING","APPLICATIONS","LB / ACRE / APPLICATION","AVG","INSECTICIDE","CARBARYL","56801",0
2021,"FLORIDA","BEARING","APPLICATIONS","LB / ACRE / APPLICATION","AVG","INSECTICIDE","CHLORANTRANILIPROLE","90100",0
2021,"FLORIDA","BEARING","APPLICATIONS","LB / ACRE / APPLICATION","AVG","INSECTICIDE","CYANTRANILIPROLE","90098",0
2021,"FLORIDA","BEARING","APPLICATIONS","LB / ACRE / APPLICATION","AVG","INSECTICIDE","CYFLUMETOFEN","138831",0
2021,"FLORIDA","BEARING","APPLICATIONS","LB / ACRE / APPLICATION","AVG","INSECTICIDE","DIAZINON","57801",0
2021,"FLORIDA","BEARING","APPLICATIONS","LB / ACRE / APPLICATION","AVG","INSECTICIDE","FENAZAQUIN","44501",0
2021,"FLORIDA","BEARING","APPLICATIONS","LB / ACRE / APPLICATION","AVG","INSECTICIDE","FENPYROXIMATE","129131",0
2021,"FLORIDA","BEARING","APPLICATIONS","LB / ACRE / APPLICATION","AVG","INSECTICIDE","IMIDACLOPRID","129099",0
2021,"FLORIDA","BEARING","APPLICATIONS","LB / ACRE / APPLICATION","AVG","INSECTICIDE","MALATHION","57701",0
2021,"FLORIDA","BEARING","APPLICATIONS","LB / ACRE / APPLICATION","AVG","INSECTICIDE","METHOXYFENOZIDE","121027",0
2021,"FLORIDA","BEARING","APPLICATIONS","LB / ACRE / APPLICATION","AVG","INSECTICIDE","NALED","34401",0
2021,"FLORIDA","BEARING","APPLICATIONS","LB / ACRE / APPLICATION","AVG","INSECTICIDE","NOVALURON","124002",0.072
2021,"FLORIDA","BEARING","APPLICATIONS","LB / ACRE / APPLICATION","AVG","INSECTICIDE","SPINETORAM","110007",0.069
2021,"FLORIDA","BEARING","APPLICATIONS","LB / ACRE / APPLICATION","AVG","INSECTICIDE","SPIROMESIFEN","24875",0
2021,"FLORIDA","BEARING","APPLICATIONS","LB / ACRE / APPLICATION","AVG","INSECTICIDE","SULFOXAFLOR","5210",0
2021,"FLORIDA","BEARING","APPLICATIONS","LB / ACRE / APPLICATION","AVG","INSECTICIDE","THIAMETHOXAM","60109",0
2021,"FLORIDA","BEARING","APPLICATIONS","LB / ACRE / APPLICATION","AVG","OTHER","ACIBENZOLAR-S-METHYL","61402",0
2021,"FLORIDA","BEARING","APPLICATIONS","LB / ACRE / APPLICATION","AVG","OTHER","CYTOKININS","116801",0
2021,"FLORIDA","BEARING","APPLICATIONS","LB / ACRE / APPLICATION","AVG","OTHER","ETHEPHON","99801",0
2021,"FLORIDA","BEARING","APPLICATIONS","LB / ACRE / APPLICATION","AVG","OTHER","INDOLEBUTYRIC ACID","46701",0
2021,"FLORIDA","BEARING","APPLICATIONS","LB / ACRE / APPLICATION","AVG","OTHER","METAM-POTASSIUM","39002",0
2019,"CALIFORNIA","BEARING","APPLICATIONS","LB / ACRE / APPLICATION","AVG","FUNGICIDE","AZOXYSTROBIN","128810",0.205
2019,"CALIFORNIA","BEARING","APPLICATIONS","LB / ACRE / APPLICATION","AVG","FUNGICIDE","BLAD","30006",0.482
2019,"CALIFORNIA","BEARING","APPLICATIONS","LB / ACRE / APPLICATION","AVG","FUNGICIDE","BORAX DECAHYDRATE","11102",0.023
2019,"CALIFORNIA","BEARING","APPLICATIONS","LB / ACRE / APPLICATION","AVG","FUNGICIDE","BOSCALID","128008",0.337
2019,"CALIFORNIA","BEARING","APPLICATIONS","LB / ACRE / APPLICATION","AVG","FUNGICIDE","CAPTAN","81301",1.739
2019,"CALIFORNIA","BEARING","APPLICATIONS","LB / ACRE / APPLICATION","AVG","FUNGICIDE","COPPER HYDROXIDE","23401",0
2019,"CALIFORNIA","BEARING","APPLICATIONS","LB / ACRE / APPLICATION","AVG","FUNGICIDE","COPPER OCTANOATE","23306",0
2019,"CALIFORNIA","BEARING","APPLICATIONS","LB / ACRE / APPLICATION","AVG","FUNGICIDE","CYFLUFENAMID","555550",0.023
2019,"CALIFORNIA","BEARING","APPLICATIONS","LB / ACRE / APPLICATION","AVG","FUNGICIDE","CYPRODINIL","288202",0.32
2019,"CALIFORNIA","BEARING","APPLICATIONS","LB / ACRE / APPLICATION","AVG","FUNGICIDE","DIFENOCONAZOLE","128847",0.114
2019,"CALIFORNIA","BEARING","APPLICATIONS","LB / ACRE / APPLICATION","AVG","FUNGICIDE","FENHEXAMID","90209",0.623
2019,"CALIFORNIA","BEARING","APPLICATIONS","LB / ACRE / APPLICATION","AVG","FUNGICIDE","FLUDIOXONIL","71503",0.213
2019,"CALIFORNIA","BEARING","APPLICATIONS","LB / ACRE / APPLICATION","AVG","FUNGICIDE","FLUOPYRAM","80302",0.113
2019,"CALIFORNIA","BEARING","APPLICATIONS","LB / ACRE / APPLICATION","AVG","FUNGICIDE","FLUXAPYROXAD","138009",0.168
2019,"CALIFORNIA","BEARING","APPLICATIONS","LB / ACRE / APPLICATION","AVG","FUNGICIDE","FOSETYL-AL","123301",3.997
2019,"CALIFORNIA","BEARING","APPLICATIONS","LB / ACRE / APPLICATION","AVG","FUNGICIDE","ISOFETAMID","270000",0
2019,"CALIFORNIA","BEARING","APPLICATIONS","LB / ACRE / APPLICATION","AVG","FUNGICIDE","MEFENOXAM","113502",0.493
2019,"CALIFORNIA","BEARING","APPLICATIONS","LB / ACRE / APPLICATION","AVG","FUNGICIDE","MONO-POTASSIUM SALT","76416",0
2019,"CALIFORNIA","BEARING","APPLICATIONS","LB / ACRE / APPLICATION","AVG","FUNGICIDE","MYCLOBUTANIL","128857",0.106
2019,"CALIFORNIA","BEARING","APPLICATIONS","LB / ACRE / APPLICATION","AVG","FUNGICIDE","PENTHIOPYRAD","90112",0.303
2019,"CALIFORNIA","BEARING","APPLICATIONS","LB / ACRE / APPLICATION","AVG","FUNGICIDE","POLYOXIN D ZINC SALT","230000",0.073
2019,"CALIFORNIA","BEARING","APPLICATIONS","LB / ACRE / APPLICATION","AVG","FUNGICIDE","POTASSIUM BICARBON.","73508",2.381
2019,"CALIFORNIA","BEARING","APPLICATIONS","LB / ACRE / APPLICATION","AVG","FUNGICIDE","PROPICONAZOLE","122101",0.112
2019,"CALIFORNIA","BEARING","APPLICATIONS","LB / ACRE / APPLICATION","AVG","FUNGICIDE","PYRACLOSTROBIN","99100",0.169
2019,"CALIFORNIA","BEARING","APPLICATIONS","LB / ACRE / APPLICATION","AVG","FUNGICIDE","PYRIMETHANIL","288201",0.51
2019,"CALIFORNIA","BEARING","APPLICATIONS","LB / ACRE / APPLICATION","AVG","FUNGICIDE","QUINOLINE","55459",0.097
2019,"CALIFORNIA","BEARING","APPLICATIONS","LB / ACRE / APPLICATION","AVG","FUNGICIDE","SULFUR","77501",3.656
2019,"CALIFORNIA","BEARING","APPLICATIONS","LB / ACRE / APPLICATION","AVG","FUNGICIDE","TETRACONAZOLE","120603",0.039
2019,"CALIFORNIA","BEARING","APPLICATIONS","LB / ACRE / APPLICATION","AVG","FUNGICIDE","THIOPHANATE-METHYL","102001",0.669
2019,"CALIFORNIA","BEARING","APPLICATIONS","LB / ACRE / APPLICATION","AVG","FUNGICIDE","THIRAM","79801",2.219
2019,"CALIFORNIA","BEARING","APPLICATIONS","LB / ACRE / APPLICATION","AVG","FUNGICIDE","TRIFLOXYSTROBIN","129112",0.113
2019,"CALIFORNIA","BEARING","APPLICATIONS","LB / ACRE / APPLICATION","AVG","FUNGICIDE","TRIFLUMIZOLE","128879",0.23
2019,"CALIFORNIA","BEARING","APPLICATIONS","LB / ACRE / APPLICATION","AVG","HERBICIDE","CARFENTRAZONE-ETHYL","128712",0.024
2019,"CALIFORNIA","BEARING","APPLICATIONS","LB / ACRE / APPLICATION","AVG","HERBICIDE","FLUMIOXAZIN","129034",0.089
2019,"CALIFORNIA","BEARING","APPLICATIONS","LB / ACRE / APPLICATION","AVG","HERBICIDE","GLUFOSINATE-AMMONIUM","128850",0
2019,"CALIFORNIA","BEARING","APPLICATIONS","LB / ACRE / APPLICATION","AVG","HERBICIDE","GLYPHOSATE ISO. SALT","103601",0
2019,"CALIFORNIA","BEARING","APPLICATIONS","LB / ACRE / APPLICATION","AVG","HERBICIDE","GLYPHOSATE POT. SALT","103613",0
2019,"CALIFORNIA","BEARING","APPLICATIONS","LB / ACRE / APPLICATION","AVG","HERBICIDE","NAPROPAMIDE","103001",0
2019,"CALIFORNIA","BEARING","APPLICATIONS","LB / ACRE / APPLICATION","AVG","HERBICIDE","OXYFLUORFEN","111601",0.313
2019,"CALIFORNIA","BEARING","APPLICATIONS","LB / ACRE / APPLICATION","AVG","HERBICIDE","PARAQUAT","61601",0
2019,"CALIFORNIA","BEARING","APPLICATIONS","LB / ACRE / APPLICATION","AVG","HERBICIDE","PENDIMETHALIN","108501",1.202
2019,"CALIFORNIA","BEARING","APPLICATIONS","LB / ACRE / APPLICATION","AVG","HERBICIDE","SULFENTRAZONE","129081",0
2019,"CALIFORNIA","BEARING","APPLICATIONS","LB / ACRE / APPLICATION","AVG","INSECTICIDE","ABAMECTIN","122804",0.019
2019,"CALIFORNIA","BEARING","APPLICATIONS","LB / ACRE / APPLICATION","AVG","INSECTICIDE","ACEQUINOCYL","6329",0.297
2019,"CALIFORNIA","BEARING","APPLICATIONS","LB / ACRE / APPLICATION","AVG","INSECTICIDE","ACETAMIPRID","99050",0.126
2019,"CALIFORNIA","BEARING","APPLICATIONS","LB / ACRE / APPLICATION","AVG","INSECTICIDE","AZADIRACHTIN","121701",0.034
2019,"CALIFORNIA","BEARING","APPLICATIONS","LB / ACRE / APPLICATION","AVG","INSECTICIDE","BIFENAZATE","586",0.496
2019,"CALIFORNIA","BEARING","APPLICATIONS","LB / ACRE / APPLICATION","AVG","INSECTICIDE","BIFENTHRIN","128825",0.109
2019,"CALIFORNIA","BEARING","APPLICATIONS","LB / ACRE / APPLICATION","AVG","INSECTICIDE","BUPROFEZIN","275100",0
2019,"CALIFORNIA","BEARING","APPLICATIONS","LB / ACRE / APPLICATION","AVG","INSECTICIDE","CARBARYL","56801",0
2019,"CALIFORNIA","BEARING","APPLICATIONS","LB / ACRE / APPLICATION","AVG","INSECTICIDE","CHLORANTRANILIPROLE","90100",0.067
2019,"CALIFORNIA","BEARING","APPLICATIONS","LB / ACRE / APPLICATION","AVG","INSECTICIDE","CHLORPYRIFOS","59101",0
2019,"CALIFORNIA","BEARING","APPLICATIONS","LB / ACRE / APPLICATION","AVG","INSECTICIDE","CYANTRANILIPROLE","90098",0.111
2019,"CALIFORNIA","BEARING","APPLICATIONS","LB / ACRE / APPLICATION","AVG","INSECTICIDE","CYFLUMETOFEN","138831",0.178
2019,"CALIFORNIA","BEARING","APPLICATIONS","LB / ACRE / APPLICATION","AVG","INSECTICIDE","ETOXAZOLE","107091",0.135
2019,"CALIFORNIA","BEARING","APPLICATIONS","LB / ACRE / APPLICATION","AVG","INSECTICIDE","FENBUTATIN-OXIDE","104601",0
2019,"CALIFORNIA","BEARING","APPLICATIONS","LB / ACRE / APPLICATION","AVG","INSECTICIDE","FENPROPATHRIN","127901",0.286
2019,"CALIFORNIA","BEARING","APPLICATIONS","LB / ACRE / APPLICATION","AVG","INSECTICIDE","FENPYROXIMATE","129131",0.103
2019,"CALIFORNIA","BEARING","APPLICATIONS","LB / ACRE / APPLICATION","AVG","INSECTICIDE","FLONICAMID","128016",0.085
2019,"CALIFORNIA","BEARING","APPLICATIONS","LB / ACRE / APPLICATION","AVG","INSECTICIDE","FLUPYRADIFURONE","122304",0.158
2019,"CALIFORNIA","BEARING","APPLICATIONS","LB / ACRE / APPLICATION","AVG","INSECTICIDE","HEXYTHIAZOX","128849",0.177
2019,"CALIFORNIA","BEARING","APPLICATIONS","LB / ACRE / APPLICATION","AVG","INSECTICIDE","IMIDACLOPRID","129099",0.515
2019,"CALIFORNIA","BEARING","APPLICATIONS","LB / ACRE / APPLICATION","AVG","INSECTICIDE","MALATHION","57701",1.991
2019,"CALIFORNIA","BEARING","APPLICATIONS","LB / ACRE / APPLICATION","AVG","INSECTICIDE","METHOXYFENOZIDE","121027",0.174
2019,"CALIFORNIA","BEARING","APPLICATIONS","LB / ACRE / APPLICATION","AVG","INSECTICIDE","NALED","34401",0.904
2019,"CALIFORNIA","BEARING","APPLICATIONS","LB / ACRE / APPLICATION","AVG","INSECTICIDE","NEEM OIL","25006",0.095
2019,"CALIFORNIA","BEARING","APPLICATIONS","LB / ACRE / APPLICATION","AVG","INSECTICIDE","NEEM OIL, CLAR. HYD.","25007",5.151
2019,"CALIFORNIA","BEARING","APPLICATIONS","LB / ACRE / APPLICATION","AVG","INSECTICIDE","NOVALURON","124002",0.059
2019,"CALIFORNIA","BEARING","APPLICATIONS","LB / ACRE / APPLICATION","AVG","INSECTICIDE","PIPERONYL BUTOXIDE","67501",0.478
2019,"CALIFORNIA","BEARING","APPLICATIONS","LB / ACRE / APPLICATION","AVG","INSECTICIDE","POTASSIUM SALTS","79021",0
2019,"CALIFORNIA","BEARING","APPLICATIONS","LB / ACRE / APPLICATION","AVG","INSECTICIDE","PYRETHRINS","69001",0.044
2019,"CALIFORNIA","BEARING","APPLICATIONS","LB / ACRE / APPLICATION","AVG","INSECTICIDE","PYRIDABEN","129105",0
2019,"CALIFORNIA","BEARING","APPLICATIONS","LB / ACRE / APPLICATION","AVG","INSECTICIDE","PYRIPROXYFEN","129032",0.067
2019,"CALIFORNIA","BEARING","APPLICATIONS","LB / ACRE / APPLICATION","AVG","INSECTICIDE","SOYBEAN OIL","31605",0
2019,"CALIFORNIA","BEARING","APPLICATIONS","LB / ACRE / APPLICATION","AVG","INSECTICIDE","SPINETORAM","110007",0.068
2019,"CALIFORNIA","BEARING","APPLICATIONS","LB / ACRE / APPLICATION","AVG","INSECTICIDE","SPINOSAD","110003",0.093
2019,"CALIFORNIA","BEARING","APPLICATIONS","LB / ACRE / APPLICATION","AVG","INSECTICIDE","SPIROMESIFEN","24875",0.243
2019,"CALIFORNIA","BEARING","APPLICATIONS","LB / ACRE / APPLICATION","AVG","INSECTICIDE","SULFOXAFLOR","5210",0.069
2019,"CALIFORNIA","BEARING","APPLICATIONS","LB / ACRE / APPLICATION","AVG","INSECTICIDE","THIAMETHOXAM","60109",0.062
2019,"CALIFORNIA","BEARING","APPLICATIONS","LB / ACRE / APPLICATION","AVG","INSECTICIDE","ZETA-CYPERMETHRIN","129064",0
2019,"CALIFORNIA","BEARING","APPLICATIONS","LB / ACRE / APPLICATION","AVG","OTHER","ACIBENZOLAR-S-METHYL","61402",0
2019,"CALIFORNIA","BEARING","APPLICATIONS","LB / ACRE / APPLICATION","AVG","OTHER","CAPRIC ACID","128955",0
2019,"CALIFORNIA","BEARING","APPLICATIONS","LB / ACRE / APPLICATION","AVG","OTHER","CAPRYLIC ACID","128919",0
2019,"CALIFORNIA","BEARING","APPLICATIONS","LB / ACRE / APPLICATION","AVG","OTHER","CHLOROPICRIN","81501",244.066
2019,"CALIFORNIA","BEARING","APPLICATIONS","LB / ACRE / APPLICATION","AVG","OTHER","DICHLOROPROPENE","29001",83.557
2019,"CALIFORNIA","BEARING","APPLICATIONS","LB / ACRE / APPLICATION","AVG","OTHER","FLUTRIAFOL","128940",0.112
2019,"CALIFORNIA","BEARING","APPLICATIONS","LB / ACRE / APPLICATION","AVG","OTHER","GLIOCLADIUM VIRENS","129000",0
2019,"CALIFORNIA","BEARING","APPLICATIONS","LB / ACRE / APPLICATION","AVG","OTHER","HYDROGEN PEROXIDE","595",0
2019,"CALIFORNIA","BEARING","APPLICATIONS","LB / ACRE / APPLICATION","AVG","OTHER","IRON PHOSPHATE","34903",0.161
2019,"CALIFORNIA","BEARING","APPLICATIONS","LB / ACRE / APPLICATION","AVG","OTHER","METALDEHYDE","53001",0
2019,"CALIFORNIA","BEARING","APPLICATIONS","LB / ACRE / APPLICATION","AVG","OTHER","METAM-POTASSIUM","39002",214.011
2019,"CALIFORNIA","BEARING","APPLICATIONS","LB / ACRE / APPLICATION","AVG","OTHER","METAM-SODIUM","39003",228.063
2019,"CALIFORNIA","BEARING","APPLICATIONS","LB / ACRE / APPLICATION","AVG","OTHER","PAECILOMYCES FUMOSOR","115002",0
2019,"CALIFORNIA","BEARING","APPLICATIONS","LB / ACRE / APPLICATION","AVG","OTHER","PEROXYACETIC ACID","63201",0
2019,"CALIFORNIA","BEARING","APPLICATIONS","LB / ACRE / APPLICATION","AVG","OTHER","POTASSIUM SILICATE","72606",0
2019,"CALIFORNIA","BEARING","APPLICATIONS","LB / ACRE / APPLICATION","AVG","OTHER","REYNOUTRIA SACHALINE","55809",0.191
2019,"FLORIDA","BEARING","APPLICATIONS","LB / ACRE / APPLICATION","AVG","FUNGICIDE","AZOXYSTROBIN","128810",0.858
2019,"FLORIDA","BEARING","APPLICATIONS","LB / ACRE / APPLICATION","AVG","FUNGICIDE","CAPTAN","81301",2.098
2019,"FLORIDA","BEARING","APPLICATIONS","LB / ACRE / APPLICATION","AVG","FUNGICIDE","COPPER CHLORIDE HYD.","23501",0
2019,"FLORIDA","BEARING","APPLICATIONS","LB / ACRE / APPLICATION","AVG","FUNGICIDE","COPPER HYDROXIDE","23401",0
2019,"FLORIDA","BEARING","APPLICATIONS","LB / ACRE / APPLICATION","AVG","FUNGICIDE","CYFLUFENAMID","555550",0
2019,"FLORIDA","BEARING","APPLICATIONS","LB / ACRE / APPLICATION","AVG","FUNGICIDE","CYPRODINIL","288202",0.313
2019,"FLORIDA","BEARING","APPLICATIONS","LB / ACRE / APPLICATION","AVG","FUNGICIDE","DIFENOCONAZOLE","128847",0
2019,"FLORIDA","BEARING","APPLICATIONS","LB / ACRE / APPLICATION","AVG","FUNGICIDE","DODINE","44301",0
2019,"FLORIDA","BEARING","APPLICATIONS","LB / ACRE / APPLICATION","AVG","FUNGICIDE","FENHEXAMID","90209",0
2019,"FLORIDA","BEARING","APPLICATIONS","LB / ACRE / APPLICATION","AVG","FUNGICIDE","FLUDIOXONIL","71503",0.206
2019,"FLORIDA","BEARING","APPLICATIONS","LB / ACRE / APPLICATION","AVG","FUNGICIDE","FLUTOLANIL","128975",0
2019,"FLORIDA","BEARING","APPLICATIONS","LB / ACRE / APPLICATION","AVG","FUNGICIDE","FLUXAPYROXAD","138009",0
2019,"FLORIDA","BEARING","APPLICATIONS","LB / ACRE / APPLICATION","AVG","FUNGICIDE","FOSETYL-AL","123301",0
2019,"FLORIDA","BEARING","APPLICATIONS","LB / ACRE / APPLICATION","AVG","FUNGICIDE","ISOFETAMID","270000",0
2019,"FLORIDA","BEARING","APPLICATIONS","LB / ACRE / APPLICATION","AVG","FUNGICIDE","MEFENOXAM","113502",0
2019,"FLORIDA","BEARING","APPLICATIONS","LB / ACRE / APPLICATION","AVG","FUNGICIDE","MONO-POTASSIUM SALT","76416",0
2019,"FLORIDA","BEARING","APPLICATIONS","LB / ACRE / APPLICATION","AVG","FUNGICIDE","MYCLOBUTANIL","128857",0
2019,"FLORIDA","BEARING","APPLICATIONS","LB / ACRE / APPLICATION","AVG","FUNGICIDE","PENTHIOPYRAD","90112",0
2019,"FLORIDA","BEARING","APPLICATIONS","LB / ACRE / APPLICATION","AVG","FUNGICIDE","PYRACLOSTROBIN","99100",0
2019,"FLORIDA","BEARING","APPLICATIONS","LB / ACRE / APPLICATION","AVG","FUNGICIDE","PYRIMETHANIL","288201",0
2019,"FLORIDA","BEARING","APPLICATIONS","LB / ACRE / APPLICATION","AVG","FUNGICIDE","SULFUR","77501",0
2019,"FLORIDA","BEARING","APPLICATIONS","LB / ACRE / APPLICATION","AVG","FUNGICIDE","TETRACONAZOLE","120603",0
2019,"FLORIDA","BEARING","APPLICATIONS","LB / ACRE / APPLICATION","AVG","FUNGICIDE","THIOPHANATE-METHYL","102001",1.34
2019,"FLORIDA","BEARING","APPLICATIONS","LB / ACRE / APPLICATION","AVG","FUNGICIDE","THIRAM","79801",2.036
2019,"FLORIDA","BEARING","APPLICATIONS","LB / ACRE / APPLICATION","AVG","FUNGICIDE","TRIFLUMIZOLE","128879",0
2019,"FLORIDA","BEARING","APPLICATIONS","LB / ACRE / APPLICATION","AVG","HERBICIDE","2,4-D, DIMETH. SALT","30019",0
2019,"FLORIDA","BEARING","APPLICATIONS","LB / ACRE / APPLICATION","AVG","HERBICIDE","2,4-D, TRIISO. SALT","30035",0
2019,"FLORIDA","BEARING","APPLICATIONS","LB / ACRE / APPLICATION","AVG","HERBICIDE","GLYPHOSATE ISO. SALT","103601",0
2019,"FLORIDA","BEARING","APPLICATIONS","LB / ACRE / APPLICATION","AVG","HERBICIDE","GLYPHOSATE POT. SALT","103613",0
2019,"FLORIDA","BEARING","APPLICATIONS","LB / ACRE / APPLICATION","AVG","HERBICIDE","PARAQUAT","61601",0
2019,"FLORIDA","BEARING","APPLICATIONS","LB / ACRE / APPLICATION","AVG","INSECTICIDE","ABAMECTIN","122804",0.045
2019,"FLORIDA","BEARING","APPLICATIONS","LB / ACRE / APPLICATION","AVG","INSECTICIDE","ACETAMIPRID","99050",0.099
2019,"FLORIDA","BEARING","APPLICATIONS","LB / ACRE / APPLICATION","AVG","INSECTICIDE","BIFENAZATE","586",0.141
2019,"FLORIDA","BEARING","APPLICATIONS","LB / ACRE / APPLICATION","AVG","INSECTICIDE","BIFENTHRIN","128825",0.05
2019,"FLORIDA","BEARING","APPLICATIONS","LB / ACRE / APPLICATION","AVG","INSECTICIDE","CHLORANTRANILIPROLE","90100",0.058
2019,"FLORIDA","BEARING","APPLICATIONS","LB / ACRE / APPLICATION","AVG","INSECTICIDE","CYANTRANILIPROLE","90098",0
2019,"FLORIDA","BEARING","APPLICATIONS","LB / ACRE / APPLICATION","AVG","INSECTICIDE","CYFLUMETOFEN","138831",0
2019,"FLORIDA","BEARING","APPLICATIONS","LB / ACRE / APPLICATION","AVG","INSECTICIDE","CYPERMETHRIN","109702",0
2019,"FLORIDA","BEARING","APPLICATIONS","LB / ACRE / APPLICATION","AVG","INSECTICIDE","FENPYROXIMATE","129131",0
2019,"FLORIDA","BEARING","APPLICATIONS","LB / ACRE / APPLICATION","AVG","INSECTICIDE","HEXYTHIAZOX","128849",0
2019,"FLORIDA","BEARING","APPLICATIONS","LB / ACRE / APPLICATION","AVG","INSECTICIDE","IMIDACLOPRID","129099",0
2019,"FLORIDA","BEARING","APPLICATIONS","LB / ACRE / APPLICATION","AVG","INSECTICIDE","MALATHION","57701",0
2019,"FLORIDA","BEARING","APPLICATIONS","LB / ACRE / APPLICATION","AVG","INSECTICIDE","METHOXYFENOZIDE","121027",0
2019,"FLORIDA","BEARING","APPLICATIONS","LB / ACRE / APPLICATION","AVG","INSECTICIDE","NALED","34401",0
2019,"FLORIDA","BEARING","APPLICATIONS","LB / ACRE / APPLICATION","AVG","INSECTICIDE","NOVALURON","124002",0.065
2019,"FLORIDA","BEARING","APPLICATIONS","LB / ACRE / APPLICATION","AVG","INSECTICIDE","SPINETORAM","110007",0.063
2019,"FLORIDA","BEARING","APPLICATIONS","LB / ACRE / APPLICATION","AVG","INSECTICIDE","SPIROMESIFEN","24875",0
2019,"FLORIDA","BEARING","APPLICATIONS","LB / ACRE / APPLICATION","AVG","INSECTICIDE","THIAMETHOXAM","60109",0.054
2019,"FLORIDA","BEARING","APPLICATIONS","LB / ACRE / APPLICATION","AVG","OTHER","ACIBENZOLAR-S-METHYL","61402",0
2019,"FLORIDA","BEARING","APPLICATIONS","LB / ACRE / APPLICATION","AVG","OTHER","ALKYL. DIM. BENZ. AM","69105",0
2019,"FLORIDA","BEARING","APPLICATIONS","LB / ACRE / APPLICATION","AVG","OTHER","CHLOROPICRIN","81501",0
2019,"FLORIDA","BEARING","APPLICATIONS","LB / ACRE / APPLICATION","AVG","OTHER","DECYLDIMETHYLOCTYL","69165",0
2019,"FLORIDA","BEARING","APPLICATIONS","LB / ACRE / APPLICATION","AVG","OTHER","DICHLOROPROPENE","29001",0
2019,"FLORIDA","BEARING","APPLICATIONS","LB / ACRE / APPLICATION","AVG","OTHER","DIDECYL DIM. AMMON.","69166",0
2019,"FLORIDA","BEARING","APPLICATIONS","LB / ACRE / APPLICATION","AVG","OTHER","DIMETHYLDIOCTYL","69149",0
2019,"FLORIDA","BEARING","APPLICATIONS","LB / ACRE / APPLICATION","AVG","OTHER","FLUTRIAFOL","128940",0
2019,"FLORIDA","BEARING","APPLICATIONS","LB / ACRE / APPLICATION","AVG","OTHER","HYDROGEN PEROXIDE","595",0
2019,"FLORIDA","BEARING","APPLICATIONS","LB / ACRE / APPLICATION","AVG","OTHER","PEROXYACETIC ACID","63201",0
2019,"FLORIDA","BEARING","APPLICATIONS","LB / ACRE / APPLICATION","AVG","OTHER","REYNOUTRIA SACHALINE","55809",0
2018,"CALIFORNIA","BEARING","APPLICATIONS","LB / ACRE / APPLICATION","AVG","FUNGICIDE","AZOXYSTROBIN","128810",0.213
2018,"CALIFORNIA","BEARING","APPLICATIONS","LB / ACRE / APPLICATION","AVG","FUNGICIDE","BLAD","30006",0
2018,"CALIFORNIA","BEARING","APPLICATIONS","LB / ACRE / APPLICATION","AVG","FUNGICIDE","BORAX DECAHYDRATE","11102",0
2018,"CALIFORNIA","BEARING","APPLICATIONS","LB / ACRE / APPLICATION","AVG","FUNGICIDE","BOSCALID","128008",0.358
2018,"CALIFORNIA","BEARING","APPLICATIONS","LB / ACRE / APPLICATION","AVG","FUNGICIDE","CAPTAN","81301",1.878
2018,"CALIFORNIA","BEARING","APPLICATIONS","LB / ACRE / APPLICATION","AVG","FUNGICIDE","COPPER HYDROXIDE","23401",0
2018,"CALIFORNIA","BEARING","APPLICATIONS","LB / ACRE / APPLICATION","AVG","FUNGICIDE","COPPER OCTANOATE","23306",0
2018,"CALIFORNIA","BEARING","APPLICATIONS","LB / ACRE / APPLICATION","AVG","FUNGICIDE","CYFLUFENAMID","555550",0.022
2018,"CALIFORNIA","BEARING","APPLICATIONS","LB / ACRE / APPLICATION","AVG","FUNGICIDE","CYPRODINIL","288202",0.32
2018,"CALIFORNIA","BEARING","APPLICATIONS","LB / ACRE / APPLICATION","AVG","FUNGICIDE","DIFENOCONAZOLE","128847",0
2018,"CALIFORNIA","BEARING","APPLICATIONS","LB / ACRE / APPLICATION","AVG","FUNGICIDE","FENHEXAMID","90209",0.59
2018,"CALIFORNIA","BEARING","APPLICATIONS","LB / ACRE / APPLICATION","AVG","FUNGICIDE","FLUDIOXONIL","71503",0.214
2018,"CALIFORNIA","BEARING","APPLICATIONS","LB / ACRE / APPLICATION","AVG","FUNGICIDE","FLUOPYRAM","80302",0.119
2018,"CALIFORNIA","BEARING","APPLICATIONS","LB / ACRE / APPLICATION","AVG","FUNGICIDE","FLUXAPYROXAD","138009",0.17
2018,"CALIFORNIA","BEARING","APPLICATIONS","LB / ACRE / APPLICATION","AVG","FUNGICIDE","FOSETYL-AL","123301",0
2018,"CALIFORNIA","BEARING","APPLICATIONS","LB / ACRE / APPLICATION","AVG","FUNGICIDE","IPRODIONE","109801",0
2018,"CALIFORNIA","BEARING","APPLICATIONS","LB / ACRE / APPLICATION","AVG","FUNGICIDE","ISOFETAMID","270000",0
2018,"CALIFORNIA","BEARING","APPLICATIONS","LB / ACRE / APPLICATION","AVG","FUNGICIDE","MEFENOXAM","113502",0.488
2018,"CALIFORNIA","BEARING","APPLICATIONS","LB / ACRE / APPLICATION","AVG","FUNGICIDE","MYCLOBUTANIL","128857",0.104
2018,"CALIFORNIA","BEARING","APPLICATIONS","LB / ACRE / APPLICATION","AVG","FUNGICIDE","PENTHIOPYRAD","90112",0.301
2018,"CALIFORNIA","BEARING","APPLICATIONS","LB / ACRE / APPLICATION","AVG","FUNGICIDE","POLYOXIN D ZINC SALT","230000",0.044
2018,"CALIFORNIA","BEARING","APPLICATIONS","LB / ACRE / APPLICATION","AVG","FUNGICIDE","POTASSIUM BICARBON.","73508",2.425
2018,"CALIFORNIA","BEARING","APPLICATIONS","LB / ACRE / APPLICATION","AVG","FUNGICIDE","PROPICONAZOLE","122101",0.112
2018,"CALIFORNIA","BEARING","APPLICATIONS","LB / ACRE / APPLICATION","AVG","FUNGICIDE","PYRACLOSTROBIN","99100",0.171
2018,"CALIFORNIA","BEARING","APPLICATIONS","LB / ACRE / APPLICATION","AVG","FUNGICIDE","PYRIMETHANIL","288201",0.628
2018,"CALIFORNIA","BEARING","APPLICATIONS","LB / ACRE / APPLICATION","AVG","FUNGICIDE","QUINOLINE","55459",0.096
2018,"CALIFORNIA","BEARING","APPLICATIONS","LB / ACRE / APPLICATION","AVG","FUNGICIDE","SULFUR","77501",4.865
2018,"CALIFORNIA","BEARING","APPLICATIONS","LB / ACRE / APPLICATION","AVG","FUNGICIDE","TETRACONAZOLE","120603",0.038
2018,"CALIFORNIA","BEARING","APPLICATIONS","LB / ACRE / APPLICATION","AVG","FUNGICIDE","THIOPHANATE-METHYL","102001",0.636
2018,"CALIFORNIA","BEARING","APPLICATIONS","LB / ACRE / APPLICATION","AVG","FUNGICIDE","THIRAM","79801",2.078
2018,"CALIFORNIA","BEARING","APPLICATIONS","LB / ACRE / APPLICATION","AVG","FUNGICIDE","TRIFLOXYSTROBIN","129112",0.114
2018,"CALIFORNIA","BEARING","APPLICATIONS","LB / ACRE / APPLICATION","AVG","FUNGICIDE","TRIFLUMIZOLE","128879",0.241
2018,"CALIFORNIA","BEARING","APPLICATIONS","LB / ACRE / APPLICATION","AVG","HERBICIDE","FLUMIOXAZIN","129034",0.096
2018,"CALIFORNIA","BEARING","APPLICATIONS","LB / ACRE / APPLICATION","AVG","HERBICIDE","GLYPHOSATE ISO. SALT","103601",0
2018,"CALIFORNIA","BEARING","APPLICATIONS","LB / ACRE / APPLICATION","AVG","HERBICIDE","GLYPHOSATE POT. SALT","103613",0
2018,"CALIFORNIA","BEARING","APPLICATIONS","LB / ACRE / APPLICATION","AVG","HERBICIDE","NAPROPAMIDE","103001",0
2018,"CALIFORNIA","BEARING","APPLICATIONS","LB / ACRE / APPLICATION","AVG","HERBICIDE","OXYFLUORFEN","111601",0.353
2018,"CALIFORNIA","BEARING","APPLICATIONS","LB / ACRE / APPLICATION","AVG","HERBICIDE","PENDIMETHALIN","108501",1.364
2018,"CALIFORNIA","BEARING","APPLICATIONS","LB / ACRE / APPLICATION","AVG","HERBICIDE","SULFENTRAZONE","129081",0
2018,"CALIFORNIA","BEARING","APPLICATIONS","LB / ACRE / APPLICATION","AVG","INSECTICIDE","ABAMECTIN","122804",0.019
2018,"CALIFORNIA","BEARING","APPLICATIONS","LB / ACRE / APPLICATION","AVG","INSECTICIDE","ACEQUINOCYL","6329",0.297
2018,"CALIFORNIA","BEARING","APPLICATIONS","LB / ACRE / APPLICATION","AVG","INSECTICIDE","ACETAMIPRID","99050",0.118
2018,"CALIFORNIA","BEARING","APPLICATIONS","LB / ACRE / APPLICATION","AVG","INSECTICIDE","AZADIRACHTIN","121701",0.032
2018,"CALIFORNIA","BEARING","APPLICATIONS","LB / ACRE / APPLICATION","AVG","INSECTICIDE","BIFENAZATE","586",0.49
2018,"CALIFORNIA","BEARING","APPLICATIONS","LB / ACRE / APPLICATION","AVG","INSECTICIDE","BIFENTHRIN","128825",0.098
2018,"CALIFORNIA","BEARING","APPLICATIONS","LB / ACRE / APPLICATION","AVG","INSECTICIDE","BUPROFEZIN","275100",0
2018,"CALIFORNIA","BEARING","APPLICATIONS","LB / ACRE / APPLICATION","AVG","INSECTICIDE","CARBARYL","56801",0
2018,"CALIFORNIA","BEARING","APPLICATIONS","LB / ACRE / APPLICATION","AVG","INSECTICIDE","CHLORANTRANILIPROLE","90100",0.071
2018,"CALIFORNIA","BEARING","APPLICATIONS","LB / ACRE / APPLICATION","AVG","INSECTICIDE","CHLORPYRIFOS","59101",0
2018,"CALIFORNIA","BEARING","APPLICATIONS","LB / ACRE / APPLICATION","AVG","INSECTICIDE","CYANTRANILIPROLE","90098",0
2018,"CALIFORNIA","BEARING","APPLICATIONS","LB / ACRE / APPLICATION","AVG","INSECTICIDE","CYFLUMETOFEN= 138831",NA,0.179
2018,"CALIFORNIA","BEARING","APPLICATIONS","LB / ACRE / APPLICATION","AVG","INSECTICIDE","DIAZINON","57801",0
2018,"CALIFORNIA","BEARING","APPLICATIONS","LB / ACRE / APPLICATION","AVG","INSECTICIDE","EMAMECTIN BENZOATE","122806",0
2018,"CALIFORNIA","BEARING","APPLICATIONS","LB / ACRE / APPLICATION","AVG","INSECTICIDE","ETOXAZOLE","107091",0
2018,"CALIFORNIA","BEARING","APPLICATIONS","LB / ACRE / APPLICATION","AVG","INSECTICIDE","FENBUTATIN-OXIDE","104601",0
2018,"CALIFORNIA","BEARING","APPLICATIONS","LB / ACRE / APPLICATION","AVG","INSECTICIDE","FENPROPATHRIN","127901",0.286
2018,"CALIFORNIA","BEARING","APPLICATIONS","LB / ACRE / APPLICATION","AVG","INSECTICIDE","FENPYROXIMATE","129131",0.105
2018,"CALIFORNIA","BEARING","APPLICATIONS","LB / ACRE / APPLICATION","AVG","INSECTICIDE","FLONICAMID","128016",0.082
2018,"CALIFORNIA","BEARING","APPLICATIONS","LB / ACRE / APPLICATION","AVG","INSECTICIDE","FLUPYRADIFURONE","122304",0.172
2018,"CALIFORNIA","BEARING","APPLICATIONS","LB / ACRE / APPLICATION","AVG","INSECTICIDE","HEXYTHIAZOX","128849",0.181
2018,"CALIFORNIA","BEARING","APPLICATIONS","LB / ACRE / APPLICATION","AVG","INSECTICIDE","IMIDACLOPRID","129099",0.5
2018,"CALIFORNIA","BEARING","APPLICATIONS","LB / ACRE / APPLICATION","AVG","INSECTICIDE","LAMBDA-CYHALOTHRIN","128897",0
2018,"CALIFORNIA","BEARING","APPLICATIONS","LB / ACRE / APPLICATION","AVG","INSECTICIDE","MALATHION","57701",1.799
2018,"CALIFORNIA","BEARING","APPLICATIONS","LB / ACRE / APPLICATION","AVG","INSECTICIDE","METHOXYFENOZIDE","121027",0.176
2018,"CALIFORNIA","BEARING","APPLICATIONS","LB / ACRE / APPLICATION","AVG","INSECTICIDE","NALED","34401",0.891
2018,"CALIFORNIA","BEARING","APPLICATIONS","LB / ACRE / APPLICATION","AVG","INSECTICIDE","NEEM OIL","25006",0
2018,"CALIFORNIA","BEARING","APPLICATIONS","LB / ACRE / APPLICATION","AVG","INSECTICIDE","NEEM OIL, CLAR. HYD.","25007",6.34
2018,"CALIFORNIA","BEARING","APPLICATIONS","LB / ACRE / APPLICATION","AVG","INSECTICIDE","NOVALURON","124002",0.073
2018,"CALIFORNIA","BEARING","APPLICATIONS","LB / ACRE / APPLICATION","AVG","INSECTICIDE","PIPERONYL BUTOXIDE","67501",0
2018,"CALIFORNIA","BEARING","APPLICATIONS","LB / ACRE / APPLICATION","AVG","INSECTICIDE","POTASSIUM SALTS","79021",0
2018,"CALIFORNIA","BEARING","APPLICATIONS","LB / ACRE / APPLICATION","AVG","INSECTICIDE","PYRETHRINS","69001",0.054
2018,"CALIFORNIA","BEARING","APPLICATIONS","LB / ACRE / APPLICATION","AVG","INSECTICIDE","PYRIPROXYFEN","129032",0
2018,"CALIFORNIA","BEARING","APPLICATIONS","LB / ACRE / APPLICATION","AVG","INSECTICIDE","SPINETORAM","110007",0.069
2018,"CALIFORNIA","BEARING","APPLICATIONS","LB / ACRE / APPLICATION","AVG","INSECTICIDE","SPINOSAD","110003",0.091
2018,"CALIFORNIA","BEARING","APPLICATIONS","LB / ACRE / APPLICATION","AVG","INSECTICIDE","SPIROMESIFEN","24875",0.25
2018,"CALIFORNIA","BEARING","APPLICATIONS","LB / ACRE / APPLICATION","AVG","INSECTICIDE","SPIROTETRAMAT","392201",0
2018,"CALIFORNIA","BEARING","APPLICATIONS","LB / ACRE / APPLICATION","AVG","INSECTICIDE","SULFOXAFLOR","5210",0
2018,"CALIFORNIA","BEARING","APPLICATIONS","LB / ACRE / APPLICATION","AVG","INSECTICIDE","THIAMETHOXAM","60109",0.06
2018,"CALIFORNIA","BEARING","APPLICATIONS","LB / ACRE / APPLICATION","AVG","OTHER","ACIBENZOLAR-S-METHYL","61402",0
2018,"CALIFORNIA","BEARING","APPLICATIONS","LB / ACRE / APPLICATION","AVG","OTHER","CAPRIC ACID","128955",0
2018,"CALIFORNIA","BEARING","APPLICATIONS","LB / ACRE / APPLICATION","AVG","OTHER","CAPRYLIC ACID","128919",0
2018,"CALIFORNIA","BEARING","APPLICATIONS","LB / ACRE / APPLICATION","AVG","OTHER","CHLOROPICRIN","81501",236.901
2018,"CALIFORNIA","BEARING","APPLICATIONS","LB / ACRE / APPLICATION","AVG","OTHER","DICHLOROPROPENE","29001",83.195
2018,"CALIFORNIA","BEARING","APPLICATIONS","LB / ACRE / APPLICATION","AVG","OTHER","FLUTRIAFOL","128940",0.113
2018,"CALIFORNIA","BEARING","APPLICATIONS","LB / ACRE / APPLICATION","AVG","OTHER","GLIOCLADIUM VIRENS","129000",0
2018,"CALIFORNIA","BEARING","APPLICATIONS","LB / ACRE / APPLICATION","AVG","OTHER","IRON PHOSPHATE","34903",0
2018,"CALIFORNIA","BEARING","APPLICATIONS","LB / ACRE / APPLICATION","AVG","OTHER","METALDEHYDE","53001",0
2018,"CALIFORNIA","BEARING","APPLICATIONS","LB / ACRE / APPLICATION","AVG","OTHER","METAM-POTASSIUM","39002",0
2018,"CALIFORNIA","BEARING","APPLICATIONS","LB / ACRE / APPLICATION","AVG","OTHER","METAM-SODIUM","39003",0
2018,"CALIFORNIA","BEARING","APPLICATIONS","LB / ACRE / APPLICATION","AVG","OTHER","PAECILOMYCES FUMOSOR","115002",0
2018,"CALIFORNIA","BEARING","APPLICATIONS","LB / ACRE / APPLICATION","AVG","OTHER","POTASSIUM SILICATE","72606",0
2018,"CALIFORNIA","BEARING","APPLICATIONS","LB / ACRE / APPLICATION","AVG","OTHER","REYNOUTRIA SACHALINE","55809",0.226
2018,"FLORIDA","BEARING","APPLICATIONS","LB / ACRE / APPLICATION","AVG","FUNGICIDE","AZOXYSTROBIN","128810",0
2018,"FLORIDA","BEARING","APPLICATIONS","LB / ACRE / APPLICATION","AVG","FUNGICIDE","CAPTAN","81301",1.858
2018,"FLORIDA","BEARING","APPLICATIONS","LB / ACRE / APPLICATION","AVG","FUNGICIDE","COPPER CHLORIDE HYD.","23501",0
2018,"FLORIDA","BEARING","APPLICATIONS","LB / ACRE / APPLICATION","AVG","FUNGICIDE","COPPER HYDROXIDE","23401",0
2018,"FLORIDA","BEARING","APPLICATIONS","LB / ACRE / APPLICATION","AVG","FUNGICIDE","CYPRODINIL","288202",0.33
2018,"FLORIDA","BEARING","APPLICATIONS","LB / ACRE / APPLICATION","AVG","FUNGICIDE","DIFENOCONAZOLE","128847",0
2018,"FLORIDA","BEARING","APPLICATIONS","LB / ACRE / APPLICATION","AVG","FUNGICIDE","FENHEXAMID","90209",0
2018,"FLORIDA","BEARING","APPLICATIONS","LB / ACRE / APPLICATION","AVG","FUNGICIDE","FLUDIOXONIL","71503",0.221
2018,"FLORIDA","BEARING","APPLICATIONS","LB / ACRE / APPLICATION","AVG","FUNGICIDE","FLUOPYRAM","80302",0
2018,"FLORIDA","BEARING","APPLICATIONS","LB / ACRE / APPLICATION","AVG","FUNGICIDE","IPRODIONE","109801",0
2018,"FLORIDA","BEARING","APPLICATIONS","LB / ACRE / APPLICATION","AVG","FUNGICIDE","ISOFETAMID","270000",0
2018,"FLORIDA","BEARING","APPLICATIONS","LB / ACRE / APPLICATION","AVG","FUNGICIDE","MEFENOXAM","113502",0
2018,"FLORIDA","BEARING","APPLICATIONS","LB / ACRE / APPLICATION","AVG","FUNGICIDE","PENTHIOPYRAD","90112",0
2018,"FLORIDA","BEARING","APPLICATIONS","LB / ACRE / APPLICATION","AVG","FUNGICIDE","PROPICONAZOLE","122101",0
2018,"FLORIDA","BEARING","APPLICATIONS","LB / ACRE / APPLICATION","AVG","FUNGICIDE","PYRIMETHANIL","288201",0
2018,"FLORIDA","BEARING","APPLICATIONS","LB / ACRE / APPLICATION","AVG","FUNGICIDE","SULFUR","77501",0
2018,"FLORIDA","BEARING","APPLICATIONS","LB / ACRE / APPLICATION","AVG","FUNGICIDE","THIOPHANATE-METHYL","102001",0
2018,"FLORIDA","BEARING","APPLICATIONS","LB / ACRE / APPLICATION","AVG","FUNGICIDE","THIRAM","79801",1.632
2018,"FLORIDA","BEARING","APPLICATIONS","LB / ACRE / APPLICATION","AVG","HERBICIDE","CARFENTRAZONE-ETHYL","128712",0
2018,"FLORIDA","BEARING","APPLICATIONS","LB / ACRE / APPLICATION","AVG","HERBICIDE","FLUMIOXAZIN","129034",0
2018,"FLORIDA","BEARING","APPLICATIONS","LB / ACRE / APPLICATION","AVG","HERBICIDE","GLYPHOSATE ISO. SALT","103601",0
2018,"FLORIDA","BEARING","APPLICATIONS","LB / ACRE / APPLICATION","AVG","HERBICIDE","NAPROPAMIDE","103001",0
2018,"FLORIDA","BEARING","APPLICATIONS","LB / ACRE / APPLICATION","AVG","HERBICIDE","OXYFLUORFEN","111601",0
2018,"FLORIDA","BEARING","APPLICATIONS","LB / ACRE / APPLICATION","AVG","HERBICIDE","PARAQUAT","61601",0
2018,"FLORIDA","BEARING","APPLICATIONS","LB / ACRE / APPLICATION","AVG","INSECTICIDE","ABAMECTIN","122804",0
2018,"FLORIDA","BEARING","APPLICATIONS","LB / ACRE / APPLICATION","AVG","INSECTICIDE","ACETAMIPRID","99050",0
2018,"FLORIDA","BEARING","APPLICATIONS","LB / ACRE / APPLICATION","AVG","INSECTICIDE","BIFENAZATE","586",0
2018,"FLORIDA","BEARING","APPLICATIONS","LB / ACRE / APPLICATION","AVG","INSECTICIDE","BIFENTHRIN","128825",0
2018,"FLORIDA","BEARING","APPLICATIONS","LB / ACRE / APPLICATION","AVG","INSECTICIDE","CHLORANTRANILIPROLE","90100",0
2018,"FLORIDA","BEARING","APPLICATIONS","LB / ACRE / APPLICATION","AVG","INSECTICIDE","FLONICAMID","128016",0
2018,"FLORIDA","BEARING","APPLICATIONS","LB / ACRE / APPLICATION","AVG","INSECTICIDE","MALATHION","57701",0
2018,"FLORIDA","BEARING","APPLICATIONS","LB / ACRE / APPLICATION","AVG","INSECTICIDE","MUSTARD OIL","4901",0
2018,"FLORIDA","BEARING","APPLICATIONS","LB / ACRE / APPLICATION","AVG","INSECTICIDE","NALED","34401",0
2018,"FLORIDA","BEARING","APPLICATIONS","LB / ACRE / APPLICATION","AVG","INSECTICIDE","NOVALURON","124002",0
2018,"FLORIDA","BEARING","APPLICATIONS","LB / ACRE / APPLICATION","AVG","INSECTICIDE","SPINETORAM","110007",0
2018,"FLORIDA","BEARING","APPLICATIONS","LB / ACRE / APPLICATION","AVG","INSECTICIDE","SPIROMESIFEN","24875",0
2018,"FLORIDA","BEARING","APPLICATIONS","LB / ACRE / APPLICATION","AVG","INSECTICIDE","THIAMETHOXAM","60109",0
2018,"FLORIDA","BEARING","APPLICATIONS","LB / ACRE / APPLICATION","AVG","OTHER","CYTOKININS","116801",0
2018,"FLORIDA","BEARING","APPLICATIONS","LB / ACRE / APPLICATION","AVG","OTHER","DIMETHYL DISULFIDE (DMDS)","29088",0
2018,"FLORIDA","BEARING","APPLICATIONS","LB / ACRE / APPLICATION","AVG","OTHER","REYNOUTRIA SACHALINE","55809",0
